{"stats":{"minecraft:used":{"minecraft:bread":2,"minecraft:stone_pickaxe":1,"minecraft:wooden_pickaxe":4,"minecraft:bell":1,"minecraft:dirt":4,"minecraft:crafting_table":1,"minecraft:white_bed":1,"minecraft:yellow_bed":1},"minecraft:picked_up":{"minecraft:crafting_table":1,"minecraft:wheat":8,"minecraft:yellow_wool":8,"minecraft:dandelion":3,"minecraft:oak_log":6,"minecraft:yellow_bed":1,"minecraft:white_bed":1,"minecraft:paper":5,"minecraft:dirt":4,"minecraft:cartography_table":2,"minecraft:wheat_seeds":24,"minecraft:bell":1,"minecraft:stone_pickaxe":2,"minecraft:bread":3,"minecraft:chest":2,"minecraft:white_wool":8,"minecraft:cobblestone":4},"minecraft:mined":{"minecraft:white_bed":1,"minecraft:yellow_wool":8,"minecraft:wheat":4,"minecraft:yellow_bed":1,"minecraft:crafting_table":1,"minecraft:bell":1,"minecraft:short_grass":1,"minecraft:oak_log":6,"minecraft:chest":1,"minecraft:dirt":4,"minecraft:tall_grass":2,"minecraft:stone":4,"minecraft:cartography_table":1,"minecraft:white_wool":8},"minecraft:dropped":{"minecraft:yellow_wool":6,"minecraft:cobblestone":1,"minecraft:oak_planks":15,"minecraft:wooden_pickaxe":1,"minecraft:stone_pickaxe":1,"minecraft:white_wool":6},"minecraft:custom":{"minecraft:time_since_rest":19954,"minecraft:sprint_one_cm":91849,"minecraft:damage_taken":840,"minecraft:walk_one_cm":71446,"minecraft:drop":11,"minecraft:swim_one_cm":1216,"minecraft:interact_with_crafting_table":2,"minecraft:fly_one_cm":121378,"minecraft:open_chest":2,"minecraft:crouch_one_cm":413,"minecraft:play_time":42006,"minecraft:deaths":2,"minecraft:bell_ring":11,"minecraft:sneak_time":272,"minecraft:walk_under_water_one_cm":358,"minecraft:jump":823,"minecraft:leave_game":2,"minecraft:time_since_death":26425,"minecraft:walk_on_water_one_cm":465,"minecraft:sleep_in_bed":1,"minecraft:total_world_time":42006,"minecraft:fall_one_cm":26492},"minecraft:crafted":{"minecraft:oak_planks":24,"minecraft:crafting_table":1,"minecraft:stick":4,"minecraft:wooden_pickaxe":1,"minecraft:stone_pickaxe":1}},"DataVersion":3953}