{"stats":{"minecraft:used":{"minecraft:stone_shovel":18,"minecraft:stone_pickaxe":52,"minecraft:chest":1,"minecraft:wooden_pickaxe":4,"minecraft:bell":1,"minecraft:dirt":4,"minecraft:crafting_table":1,"minecraft:white_bed":1,"minecraft:bread":3,"minecraft:stone_axe":123,"minecraft:oak_sapling":13,"minecraft:cooked_porkchop":5,"minecraft:yellow_bed":1,"minecraft:egg":2},"minecraft:picked_up":{"minecraft:crafting_table":1,"minecraft:wheat":8,"minecraft:yellow_wool":8,"minecraft:leather":9,"minecraft:flint":2,"minecraft:oak_log":92,"minecraft:yellow_bed":1,"minecraft:dirt":8,"minecraft:paper":5,"minecraft:apple":1,"minecraft:wheat_seeds":25,"minecraft:cartography_table":2,"minecraft:bell":1,"minecraft:beef":21,"minecraft:stone_pickaxe":2,"minecraft:sugar_cane":6,"minecraft:chest":2,"minecraft:birch_sapling":3,"minecraft:egg":3,"minecraft:stick":13,"minecraft:raw_iron":6,"minecraft:dandelion":3,"minecraft:gravel":23,"minecraft:porkchop":9,"minecraft:white_bed":1,"minecraft:emerald":10,"minecraft:bread":3,"minecraft:oak_sapling":36,"minecraft:coal":17,"minecraft:white_wool":21,"minecraft:cobblestone":29},"minecraft:broken":{"minecraft:stone_axe":1},"minecraft:mined":{"minecraft:white_bed":1,"minecraft:crafting_table":1,"minecraft:short_grass":5,"minecraft:chest":1,"minecraft:tall_grass":3,"minecraft:sugar_cane":3,"minecraft:cartography_table":1,"minecraft:fire":5,"minecraft:yellow_wool":8,"minecraft:iron_ore":6,"minecraft:wheat":4,"minecraft:yellow_bed":1,"minecraft:bell":1,"minecraft:oak_log":92,"minecraft:coal_ore":17,"minecraft:dirt":4,"minecraft:gravel":25,"minecraft:stone":29,"minecraft:white_wool":8,"minecraft:oak_leaves":8},"minecraft:dropped":{"minecraft:yellow_wool":6,"minecraft:cobblestone":1,"minecraft:oak_planks":15,"minecraft:stone_pickaxe":1,"minecraft:wooden_pickaxe":1,"minecraft:white_wool":6},"minecraft:custom":{"minecraft:interact_with_furnace":6,"minecraft:mob_kills":16,"minecraft:animals_bred":1,"minecraft:traded_with_villager":26,"minecraft:interact_with_crafting_table":5,"minecraft:bell_ring":11,"minecraft:leave_game":2,"minecraft:time_since_death":62425,"minecraft:sleep_in_bed":3,"minecraft:time_since_rest":8950,"minecraft:sprint_one_cm":199173,"minecraft:damage_taken":1065,"minecraft:walk_one_cm":170931,"minecraft:drop":11,"minecraft:damage_dealt":1690,"minecraft:swim_one_cm":3202,"minecraft:talked_to_villager":9,"minecraft:fly_one_cm":235774,"minecraft:open_chest":10,"minecraft:crouch_one_cm":610,"minecraft:play_time":78006,"minecraft:deaths":2,"minecraft:sneak_time":406,"minecraft:walk_under_water_one_cm":811,"minecraft:jump":1489,"minecraft:walk_on_water_one_cm":2956,"minecraft:total_world_time":78006,"minecraft:fall_one_cm":41677},"minecraft:killed":{"minecraft:pig":6,"minecraft:cow":10},"minecraft:crafted":{"minecraft:oak_planks":368,"minecraft:stone_shovel":1,"minecraft:emerald":21,"minecraft:cooked_porkchop":5,"minecraft:crafting_table":1,"minecraft:wooden_pickaxe":1,"minecraft:stone_axe":1,"minecraft:air":0,"minecraft:bow":5,"minecraft:stick":692,"minecraft:iron_ingot":17,"minecraft:stone_pickaxe":1,"minecraft:shears":1}},"DataVersion":3953}