{"stats":{"minecraft:used":{"minecraft:dirt":4,"minecraft:crafting_table":1,"minecraft:wooden_pickaxe":4},"minecraft:picked_up":{"minecraft:crafting_table":1,"minecraft:yellow_wool":6,"minecraft:oak_log":6,"minecraft:white_wool":6,"minecraft:dirt":4,"minecraft:cobblestone":4},"minecraft:mined":{"minecraft:oak_log":6,"minecraft:dirt":4,"minecraft:yellow_wool":6,"minecraft:stone":4,"minecraft:white_wool":6,"minecraft:crafting_table":1},"minecraft:dropped":{"minecraft:cobblestone":1,"minecraft:oak_planks":15,"minecraft:wooden_pickaxe":1,"minecraft:stone_pickaxe":1,"minecraft:white_wool":6,"minecraft:yellow_wool":6},"minecraft:custom":{"minecraft:time_since_rest":8115,"minecraft:open_chest":1,"minecraft:crouch_one_cm":262,"minecraft:play_time":8115,"minecraft:sprint_one_cm":29695,"minecraft:damage_taken":60,"minecraft:walk_one_cm":17513,"minecraft:sneak_time":187,"minecraft:drop":11,"minecraft:jump":296,"minecraft:leave_game":1,"minecraft:time_since_death":8115,"minecraft:total_world_time":8115,"minecraft:interact_with_crafting_table":2,"minecraft:fall_one_cm":8965,"minecraft:fly_one_cm":48568},"minecraft:crafted":{"minecraft:oak_planks":24,"minecraft:crafting_table":1,"minecraft:stick":4,"minecraft:stone_pickaxe":1,"minecraft:wooden_pickaxe":1}},"DataVersion":3953}