{"stats":{"minecraft:broken":{"minecraft:stone_axe":1},"minecraft:mined":{"minecraft:white_bed":1,"minecraft:crafting_table":1,"minecraft:short_grass":7,"minecraft:yellow_carpet":2,"minecraft:chest":1,"minecraft:tall_grass":3,"minecraft:sugar_cane":3,"minecraft:cartography_table":1,"minecraft:yellow_wool":8,"minecraft:iron_ore":6,"minecraft:wheat":4,"minecraft:fire":5,"minecraft:yellow_bed":1,"minecraft:bell":1,"minecraft:oak_log":150,"minecraft:coal_ore":17,"minecraft:gravel":25,"minecraft:dirt":4,"minecraft:stone":48,"minecraft:white_wool":8,"minecraft:oak_leaves":14,"minecraft:tripwire":1},"minecraft:used":{"minecraft:stone_pickaxe":71,"minecraft:stone_shovel":18,"minecraft:chest":3,"minecraft:wooden_pickaxe":4,"minecraft:bell":1,"minecraft:dirt":4,"minecraft:crafting_table":1,"minecraft:blast_furnace":1,"minecraft:white_bed":6,"minecraft:yellow_carpet":2,"minecraft:string":2,"minecraft:bread":3,"minecraft:iron_axe":66,"minecraft:stone_axe":123,"minecraft:grindstone":1,"minecraft:oak_sapling":13,"minecraft:cooked_porkchop":9,"minecraft:smithing_table":1,"minecraft:egg":17,"minecraft:yellow_bed":1},"minecraft:custom":{"minecraft:interact_with_furnace":24,"minecraft:mob_kills":16,"minecraft:animals_bred":2,"minecraft:traded_with_villager":237,"minecraft:interact_with_crafting_table":13,"minecraft:bell_ring":11,"minecraft:leave_game":3,"minecraft:time_since_death":105107,"minecraft:sleep_in_bed":6,"minecraft:time_since_rest":6431,"minecraft:sprint_one_cm":266215,"minecraft:damage_taken":1175,"minecraft:walk_one_cm":252835,"minecraft:drop":15,"minecraft:damage_dealt":1690,"minecraft:swim_one_cm":3202,"minecraft:talked_to_villager":54,"minecraft:fly_one_cm":286778,"minecraft:open_chest":42,"minecraft:crouch_one_cm":718,"minecraft:play_time":120688,"minecraft:deaths":2,"minecraft:sneak_time":493,"minecraft:walk_under_water_one_cm":811,"minecraft:jump":1866,"minecraft:walk_on_water_one_cm":6707,"minecraft:total_world_time":120688,"minecraft:fall_one_cm":48217},"minecraft:dropped":{"minecraft:yellow_wool":6,"minecraft:cobblestone":22,"minecraft:oak_planks":15,"minecraft:emerald":153,"minecraft:wooden_pickaxe":1,"minecraft:stone_pickaxe":1,"minecraft:white_wool":6},"minecraft:crafted":{"minecraft:grindstone":1,"minecraft:oak_planks":368,"minecraft:smooth_stone":3,"minecraft:stone_shovel":1,"minecraft:emerald":195,"minecraft:cooked_porkchop":14,"minecraft:crafting_table":1,"minecraft:wooden_pickaxe":1,"minecraft:iron_helmet":5,"minecraft:bell":12,"minecraft:furnace":1,"minecraft:blast_furnace":1,"minecraft:stone":10,"minecraft:birch_planks":36,"minecraft:stone_axe":1,"minecraft:air":0,"minecraft:bow":5,"minecraft:iron_axe":10,"minecraft:stick":692,"minecraft:stone_slab":6,"minecraft:iron_ingot":17,"minecraft:stone_pickaxe":11,"minecraft:chest":2,"minecraft:white_bed":5,"minecraft:shears":1},"minecraft:picked_up":{"minecraft:crafting_table":1,"minecraft:wheat":8,"minecraft:yellow_wool":8,"minecraft:leather":9,"minecraft:flint":2,"minecraft:oak_log":150,"minecraft:yellow_bed":1,"minecraft:dirt":8,"minecraft:string":4096,"minecraft:paper":5,"minecraft:apple":2,"minecraft:diamond_leggings":1,"minecraft:wheat_seeds":25,"minecraft:cartography_table":2,"minecraft:bell":1,"minecraft:beef":21,"minecraft:stone_pickaxe":2,"minecraft:sugar_cane":6,"minecraft:chest":2,"minecraft:birch_sapling":3,"minecraft:egg":25,"minecraft:stick":27,"minecraft:raw_iron":6,"minecraft:dandelion":3,"minecraft:gravel":23,"minecraft:porkchop":9,"minecraft:white_bed":1,"minecraft:yellow_carpet":2,"minecraft:diamond_boots":1,"minecraft:emerald":21,"minecraft:bread":3,"minecraft:oak_sapling":64,"minecraft:coal":17,"minecraft:white_wool":21,"minecraft:cobblestone":48},"minecraft:killed":{"minecraft:pig":6,"minecraft:cow":10}},"DataVersion":3953}