{"stats":{"minecraft:used":{"minecraft:stone_shovel":18,"minecraft:bread":3,"minecraft:stone_pickaxe":48,"minecraft:wooden_pickaxe":4,"minecraft:bell":1,"minecraft:stone_axe":96,"minecraft:dirt":4,"minecraft:crafting_table":1,"minecraft:oak_sapling":10,"minecraft:cooked_porkchop":3,"minecraft:egg":1,"minecraft:white_bed":1,"minecraft:yellow_bed":1},"minecraft:picked_up":{"minecraft:stick":8,"minecraft:raw_iron":6,"minecraft:crafting_table":1,"minecraft:wheat":8,"minecraft:yellow_wool":8,"minecraft:dandelion":3,"minecraft:gravel":23,"minecraft:flint":2,"minecraft:oak_log":92,"minecraft:yellow_bed":1,"minecraft:white_bed":1,"minecraft:paper":5,"minecraft:dirt":4,"minecraft:apple":1,"minecraft:cartography_table":2,"minecraft:wheat_seeds":25,"minecraft:bell":1,"minecraft:stone_pickaxe":2,"minecraft:bread":3,"minecraft:oak_sapling":13,"minecraft:chest":2,"minecraft:birch_sapling":2,"minecraft:coal":17,"minecraft:white_wool":8,"minecraft:cobblestone":28,"minecraft:egg":1},"minecraft:mined":{"minecraft:white_bed":1,"minecraft:yellow_wool":8,"minecraft:iron_ore":6,"minecraft:wheat":4,"minecraft:yellow_bed":1,"minecraft:crafting_table":1,"minecraft:bell":1,"minecraft:short_grass":3,"minecraft:coal_ore":17,"minecraft:oak_log":92,"minecraft:chest":1,"minecraft:gravel":25,"minecraft:dirt":4,"minecraft:tall_grass":2,"minecraft:stone":28,"minecraft:cartography_table":1,"minecraft:white_wool":8,"minecraft:oak_leaves":8},"minecraft:dropped":{"minecraft:yellow_wool":6,"minecraft:cobblestone":1,"minecraft:oak_planks":15,"minecraft:wooden_pickaxe":1,"minecraft:stone_pickaxe":1,"minecraft:white_wool":6},"minecraft:custom":{"minecraft:time_since_rest":9757,"minecraft:interact_with_furnace":3,"minecraft:sprint_one_cm":142369,"minecraft:damage_taken":945,"minecraft:walk_one_cm":115519,"minecraft:drop":11,"minecraft:swim_one_cm":1216,"minecraft:interact_with_crafting_table":4,"minecraft:fly_one_cm":167324,"minecraft:open_chest":4,"minecraft:crouch_one_cm":454,"minecraft:play_time":66006,"minecraft:deaths":2,"minecraft:bell_ring":11,"minecraft:sneak_time":353,"minecraft:walk_under_water_one_cm":407,"minecraft:jump":1145,"minecraft:leave_game":2,"minecraft:time_since_death":50425,"minecraft:walk_on_water_one_cm":979,"minecraft:sleep_in_bed":2,"minecraft:total_world_time":66006,"minecraft:fall_one_cm":32544},"minecraft:crafted":{"minecraft:oak_planks":24,"minecraft:stone_shovel":1,"minecraft:cooked_porkchop":5,"minecraft:crafting_table":1,"minecraft:stick":4,"minecraft:wooden_pickaxe":1,"minecraft:stone_pickaxe":1,"minecraft:stone_axe":1,"minecraft:air":0}},"DataVersion":3953}