{"stats":{"minecraft:used":{"minecraft:wheat_seeds":14,"minecraft:oak_trapdoor":3,"minecraft:water_bucket":2,"minecraft:birch_planks":3,"minecraft:stone_shovel":252,"minecraft:stone_pickaxe":43,"minecraft:chest":3,"minecraft:wooden_pickaxe":7,"minecraft:fletching_table":14,"minecraft:wooden_shovel":58,"minecraft:stone_hoe":16,"minecraft:dirt":207,"minecraft:crafting_table":5,"minecraft:white_bed":4,"minecraft:shears":1,"minecraft:oak_fence_gate":3,"minecraft:oak_log":1,"minecraft:wooden_axe":33,"minecraft:lever":1,"minecraft:string":3,"minecraft:gravel":38,"minecraft:stone_axe":373,"minecraft:tripwire_hook":3,"minecraft:furnace":2,"minecraft:bucket":2,"minecraft:yellow_bed":4,"minecraft:egg":4,"minecraft:cooked_beef":5},"minecraft:picked_up":{"minecraft:birch_log":153,"minecraft:crafting_table":3,"minecraft:azure_bluet":20,"minecraft:tripwire_hook":1,"minecraft:yellow_wool":9,"minecraft:brown_wool":2,"minecraft:wooden_pickaxe":1,"minecraft:birch_planks":2,"minecraft:flint":8,"minecraft:oak_log":299,"minecraft:yellow_bed":1,"minecraft:oak_trapdoor":1,"minecraft:dirt":246,"minecraft:cornflower":1,"minecraft:string":11616,"minecraft:apple":5,"minecraft:bow":5,"minecraft:wheat_seeds":14,"minecraft:iron_ingot":3,"minecraft:stone_pickaxe":2,"minecraft:poppy":2,"minecraft:wooden_shovel":1,"minecraft:fletching_table":10,"minecraft:birch_sapling":10,"minecraft:oak_planks":15,"minecraft:egg":8,"minecraft:stick":20,"minecraft:raw_iron":11,"minecraft:oak_fence":1,"minecraft:dandelion":18,"minecraft:gravel":103,"minecraft:porkchop":10,"minecraft:white_bed":1,"minecraft:rotten_flesh":3,"minecraft:stone_axe":2,"minecraft:hay_block":28,"minecraft:emerald":1,"minecraft:oak_sapling":41,"minecraft:mutton":6,"minecraft:white_wool":11,"minecraft:cobblestone":58},"minecraft:broken":{"minecraft:stone_axe":3,"minecraft:wooden_axe":1,"minecraft:stone_shovel":1},"minecraft:mined":{"minecraft:white_bed":1,"minecraft:dandelion":4,"minecraft:oak_fence":1,"minecraft:crafting_table":3,"minecraft:cornflower":1,"minecraft:short_grass":98,"minecraft:grass_block":136,"minecraft:tall_grass":5,"minecraft:hay_block":29,"minecraft:birch_planks":2,"minecraft:oak_trapdoor":1,"minecraft:yellow_wool":3,"minecraft:birch_log":107,"minecraft:iron_ore":11,"minecraft:birch_leaves":1,"minecraft:fletching_table":10,"minecraft:yellow_bed":1,"minecraft:azure_bluet":7,"minecraft:potted_dandelion":1,"minecraft:oak_log":221,"minecraft:gravel":111,"minecraft:dirt":86,"minecraft:tripwire_hook":1,"minecraft:stone":36,"minecraft:white_wool":3,"minecraft:oak_leaves":33},"minecraft:dropped":{"minecraft:gravel":6,"minecraft:bread":84,"minecraft:birch_sapling":2,"minecraft:azure_bluet":2,"minecraft:dirt":4,"minecraft:oak_sapling":12,"minecraft:bow":45,"minecraft:stone_pickaxe":1,"minecraft:egg":1},"minecraft:killed_by":{"minecraft:creeper":1},"minecraft:custom":{"minecraft:interact_with_furnace":8,"minecraft:mob_kills":7,"minecraft:traded_with_villager":617,"minecraft:interact_with_crafting_table":33,"minecraft:bell_ring":9,"minecraft:leave_game":2,"minecraft:time_since_death":65432,"minecraft:sleep_in_bed":7,"minecraft:time_since_rest":7807,"minecraft:sprint_one_cm":118404,"minecraft:damage_taken":1477,"minecraft:walk_one_cm":623149,"minecraft:drop":137,"minecraft:damage_dealt":2382,"minecraft:swim_one_cm":898,"minecraft:talked_to_villager":157,"minecraft:fly_one_cm":46995,"minecraft:open_chest":42,"minecraft:crouch_one_cm":2889,"minecraft:play_time":120435,"minecraft:deaths":3,"minecraft:sneak_time":901,"minecraft:walk_under_water_one_cm":311,"minecraft:jump":1055,"minecraft:walk_on_water_one_cm":36858,"minecraft:total_world_time":120435,"minecraft:fall_one_cm":28055,"minecraft:horse_one_cm":311},"minecraft:killed":{"minecraft:spider":2,"minecraft:iron_golem":1,"minecraft:zombie":2},"minecraft:crafted":{"minecraft:cooked_beef":21,"minecraft:oak_planks":868,"minecraft:wooden_shovel":1,"minecraft:stone_shovel":3,"minecraft:emerald":563,"minecraft:tripwire_hook":4,"minecraft:crafting_table":2,"minecraft:smithing_table":1,"minecraft:furnace":3,"minecraft:fletching_table":4,"minecraft:yellow_bed":3,"minecraft:lever":1,"minecraft:bucket":1,"minecraft:birch_planks":394,"minecraft:stone_axe":3,"minecraft:air":0,"minecraft:bread":84,"minecraft:oak_trapdoor":2,"minecraft:oak_fence_gate":3,"minecraft:bow":48,"minecraft:stick":2332,"minecraft:flint":60,"minecraft:stone_pickaxe":3,"minecraft:wooden_axe":1,"minecraft:chest":3,"minecraft:white_bed":3,"minecraft:stone_hoe":1,"minecraft:oak_fence":3,"minecraft:shears":1,"minecraft:wheat":252}},"DataVersion":3953}