{"stats":{"minecraft:picked_up":{"minecraft:crafting_table":1,"minecraft:azure_bluet":10,"minecraft:yellow_wool":6,"minecraft:oak_fence":1,"minecraft:dandelion":12,"minecraft:wooden_pickaxe":1,"minecraft:porkchop":5,"minecraft:oak_log":12,"minecraft:cornflower":1,"minecraft:dirt":149,"minecraft:wheat_seeds":5,"minecraft:hay_block":21,"minecraft:stone_pickaxe":1,"minecraft:oak_planks":15,"minecraft:white_wool":6,"minecraft:cobblestone":1},"minecraft:used":{"minecraft:oak_log":1,"minecraft:stone_shovel":141,"minecraft:wooden_shovel":25,"minecraft:dirt":3,"minecraft:crafting_table":2},"minecraft:broken":{"minecraft:stone_shovel":1},"minecraft:mined":{"minecraft:hay_block":22,"minecraft:dandelion":1,"minecraft:cornflower":1,"minecraft:oak_fence":1,"minecraft:crafting_table":1,"minecraft:azure_bluet":1,"minecraft:short_grass":39,"minecraft:grass_block":110,"minecraft:oak_log":15,"minecraft:dirt":50,"minecraft:tall_grass":3},"minecraft:custom":{"minecraft:time_since_rest":11336,"minecraft:sprint_one_cm":20338,"minecraft:damage_taken":10,"minecraft:walk_one_cm":62756,"minecraft:talked_to_villager":2,"minecraft:fly_one_cm":14296,"minecraft:interact_with_crafting_table":2,"minecraft:play_time":11336,"minecraft:sneak_time":2,"minecraft:jump":212,"minecraft:time_since_death":11336,"minecraft:total_world_time":11336,"minecraft:fall_one_cm":4004},"minecraft:crafted":{"minecraft:wooden_shovel":1,"minecraft:stone_shovel":1,"minecraft:crafting_table":1,"minecraft:stick":4}},"DataVersion":3953}