{"stats":{"minecraft:used":{"minecraft:stone_shovel":141,"minecraft:stone_pickaxe":39,"minecraft:chest":1,"minecraft:wooden_pickaxe":7,"minecraft:wooden_shovel":58,"minecraft:dirt":170,"minecraft:crafting_table":5,"minecraft:white_bed":4,"minecraft:oak_fence_gate":3,"minecraft:oak_log":1,"minecraft:wooden_axe":33,"minecraft:stone_axe":162,"minecraft:furnace":2,"minecraft:yellow_bed":4,"minecraft:egg":1},"minecraft:picked_up":{"minecraft:birch_log":92,"minecraft:crafting_table":3,"minecraft:azure_bluet":16,"minecraft:yellow_wool":9,"minecraft:brown_wool":2,"minecraft:wooden_pickaxe":1,"minecraft:oak_log":176,"minecraft:yellow_bed":1,"minecraft:string":2,"minecraft:cornflower":1,"minecraft:dirt":231,"minecraft:apple":3,"minecraft:wheat_seeds":10,"minecraft:iron_ingot":3,"minecraft:stone_pickaxe":2,"minecraft:wooden_shovel":1,"minecraft:poppy":2,"minecraft:fletching_table":2,"minecraft:birch_sapling":8,"minecraft:oak_planks":15,"minecraft:egg":1,"minecraft:stick":12,"minecraft:raw_iron":7,"minecraft:oak_fence":1,"minecraft:dandelion":14,"minecraft:porkchop":10,"minecraft:white_bed":1,"minecraft:rotten_flesh":2,"minecraft:stone_axe":2,"minecraft:hay_block":28,"minecraft:oak_sapling":29,"minecraft:mutton":6,"minecraft:cobblestone":37,"minecraft:white_wool":11},"minecraft:broken":{"minecraft:stone_axe":1,"minecraft:wooden_axe":1,"minecraft:stone_shovel":1},"minecraft:mined":{"minecraft:white_bed":1,"minecraft:dandelion":1,"minecraft:crafting_table":3,"minecraft:oak_fence":1,"minecraft:cornflower":1,"minecraft:short_grass":61,"minecraft:grass_block":134,"minecraft:tall_grass":5,"minecraft:hay_block":29,"minecraft:yellow_wool":3,"minecraft:birch_log":46,"minecraft:iron_ore":7,"minecraft:fletching_table":2,"minecraft:yellow_bed":1,"minecraft:azure_bluet":5,"minecraft:potted_dandelion":1,"minecraft:oak_log":98,"minecraft:dirt":70,"minecraft:stone":36,"minecraft:white_wool":3,"minecraft:oak_leaves":21},"minecraft:dropped":{"minecraft:bread":84,"minecraft:stone_pickaxe":1},"minecraft:killed_by":{"minecraft:creeper":1},"minecraft:custom":{"minecraft:mob_kills":7,"minecraft:interact_with_crafting_table":14,"minecraft:bell_ring":9,"minecraft:time_since_death":4245,"minecraft:sleep_in_bed":3,"minecraft:time_since_rest":823,"minecraft:sprint_one_cm":66144,"minecraft:damage_taken":937,"minecraft:walk_one_cm":276766,"minecraft:drop":85,"minecraft:damage_dealt":2333,"minecraft:talked_to_villager":4,"minecraft:fly_one_cm":28942,"minecraft:open_chest":4,"minecraft:crouch_one_cm":2746,"minecraft:play_time":47336,"minecraft:deaths":2,"minecraft:sneak_time":741,"minecraft:jump":560,"minecraft:total_world_time":47336,"minecraft:fall_one_cm":14231},"minecraft:killed":{"minecraft:spider":2,"minecraft:iron_golem":1,"minecraft:zombie":2},"minecraft:crafted":{"minecraft:oak_planks":52,"minecraft:wooden_shovel":1,"minecraft:stone_shovel":1,"minecraft:crafting_table":2,"minecraft:furnace":2,"minecraft:yellow_bed":3,"minecraft:stone_axe":3,"minecraft:bread":84,"minecraft:oak_fence_gate":3,"minecraft:stick":36,"minecraft:stone_pickaxe":2,"minecraft:wooden_axe":1,"minecraft:chest":1,"minecraft:white_bed":3,"minecraft:oak_fence":3,"minecraft:wheat":252}},"DataVersion":3953}