{"stats":{"minecraft:picked_up":{"minecraft:crafting_table":2,"minecraft:azure_bluet":15,"minecraft:yellow_wool":9,"minecraft:oak_fence":1,"minecraft:dandelion":12,"minecraft:wooden_pickaxe":1,"minecraft:porkchop":5,"minecraft:oak_log":12,"minecraft:yellow_bed":1,"minecraft:white_bed":1,"minecraft:cornflower":1,"minecraft:dirt":191,"minecraft:wheat_seeds":9,"minecraft:hay_block":28,"minecraft:stone_pickaxe":1,"minecraft:oak_sapling":1,"minecraft:oak_planks":15,"minecraft:white_wool":9,"minecraft:cobblestone":1},"minecraft:used":{"minecraft:oak_log":1,"minecraft:stone_shovel":141,"minecraft:wooden_shovel":55,"minecraft:dirt":123,"minecraft:crafting_table":3,"minecraft:yellow_bed":4,"minecraft:white_bed":4,"minecraft:oak_fence_gate":3},"minecraft:broken":{"minecraft:stone_shovel":1},"minecraft:mined":{"minecraft:hay_block":29,"minecraft:white_bed":1,"minecraft:yellow_wool":3,"minecraft:yellow_bed":1,"minecraft:dandelion":1,"minecraft:cornflower":1,"minecraft:oak_fence":1,"minecraft:crafting_table":2,"minecraft:azure_bluet":4,"minecraft:short_grass":55,"minecraft:grass_block":131,"minecraft:oak_log":15,"minecraft:dirt":65,"minecraft:tall_grass":3,"minecraft:white_wool":3,"minecraft:oak_leaves":6},"minecraft:dropped":{"minecraft:bread":76,"minecraft:stone_pickaxe":1},"minecraft:custom":{"minecraft:time_since_rest":11245,"minecraft:sprint_one_cm":30166,"minecraft:damage_taken":40,"minecraft:walk_one_cm":134233,"minecraft:drop":77,"minecraft:talked_to_villager":2,"minecraft:fly_one_cm":15228,"minecraft:interact_with_crafting_table":7,"minecraft:crouch_one_cm":2145,"minecraft:play_time":23336,"minecraft:bell_ring":6,"minecraft:sneak_time":636,"minecraft:jump":318,"minecraft:time_since_death":23336,"minecraft:sleep_in_bed":1,"minecraft:total_world_time":23336,"minecraft:fall_one_cm":6772},"minecraft:crafted":{"minecraft:oak_fence_gate":3,"minecraft:oak_planks":32,"minecraft:wooden_shovel":1,"minecraft:stone_shovel":1,"minecraft:crafting_table":1,"minecraft:stick":20,"minecraft:white_bed":3,"minecraft:yellow_bed":3,"minecraft:oak_fence":3,"minecraft:bread":84,"minecraft:wheat":252}},"DataVersion":3953}