{"stats":{"minecraft:used":{"minecraft:stone_shovel":141,"minecraft:stone_pickaxe":39,"minecraft:chest":1,"minecraft:wooden_pickaxe":7,"minecraft:wooden_shovel":58,"minecraft:dirt":170,"minecraft:crafting_table":5,"minecraft:white_bed":4,"minecraft:oak_fence_gate":3,"minecraft:oak_log":1,"minecraft:wooden_axe":33,"minecraft:stone_axe":2,"minecraft:furnace":2,"minecraft:yellow_bed":4},"minecraft:picked_up":{"minecraft:crafting_table":3,"minecraft:azure_bluet":16,"minecraft:yellow_wool":9,"minecraft:wooden_pickaxe":1,"minecraft:oak_log":14,"minecraft:yellow_bed":1,"minecraft:cornflower":1,"minecraft:dirt":212,"minecraft:wheat_seeds":10,"minecraft:iron_ingot":3,"minecraft:stone_pickaxe":1,"minecraft:poppy":2,"minecraft:fletching_table":2,"minecraft:oak_planks":15,"minecraft:raw_iron":7,"minecraft:oak_fence":1,"minecraft:dandelion":14,"minecraft:porkchop":5,"minecraft:white_bed":1,"minecraft:hay_block":28,"minecraft:oak_sapling":2,"minecraft:cobblestone":37,"minecraft:white_wool":9},"minecraft:broken":{"minecraft:wooden_axe":1,"minecraft:stone_shovel":1},"minecraft:mined":{"minecraft:white_bed":1,"minecraft:dandelion":1,"minecraft:crafting_table":3,"minecraft:oak_fence":1,"minecraft:cornflower":1,"minecraft:short_grass":59,"minecraft:grass_block":134,"minecraft:tall_grass":5,"minecraft:hay_block":29,"minecraft:yellow_wool":3,"minecraft:iron_ore":7,"minecraft:fletching_table":2,"minecraft:yellow_bed":1,"minecraft:azure_bluet":5,"minecraft:potted_dandelion":1,"minecraft:oak_log":17,"minecraft:dirt":68,"minecraft:stone":36,"minecraft:white_wool":3,"minecraft:oak_leaves":13},"minecraft:dropped":{"minecraft:bread":84,"minecraft:stone_pickaxe":1},"minecraft:custom":{"minecraft:mob_kills":1,"minecraft:interact_with_crafting_table":14,"minecraft:bell_ring":9,"minecraft:time_since_death":0,"minecraft:sleep_in_bed":2,"minecraft:time_since_rest":23,"minecraft:sprint_one_cm":36503,"minecraft:damage_taken":307,"minecraft:walk_one_cm":212963,"minecraft:drop":85,"minecraft:damage_dealt":1134,"minecraft:talked_to_villager":4,"minecraft:fly_one_cm":18997,"minecraft:open_chest":3,"minecraft:crouch_one_cm":2746,"minecraft:play_time":35336,"minecraft:deaths":1,"minecraft:sneak_time":741,"minecraft:jump":455,"minecraft:total_world_time":35336,"minecraft:fall_one_cm":11825},"minecraft:killed":{"minecraft:iron_golem":1},"minecraft:crafted":{"minecraft:oak_planks":52,"minecraft:wooden_shovel":1,"minecraft:stone_shovel":1,"minecraft:crafting_table":2,"minecraft:furnace":2,"minecraft:yellow_bed":3,"minecraft:stone_axe":3,"minecraft:bread":84,"minecraft:oak_fence_gate":3,"minecraft:stick":36,"minecraft:stone_pickaxe":2,"minecraft:wooden_axe":1,"minecraft:chest":1,"minecraft:white_bed":3,"minecraft:oak_fence":3,"minecraft:wheat":252}},"DataVersion":3953}