{"stats":{"minecraft:used":{"minecraft:oak_trapdoor":3,"minecraft:water_bucket":1,"minecraft:stone_shovel":248,"minecraft:stone_pickaxe":43,"minecraft:chest":1,"minecraft:wooden_pickaxe":7,"minecraft:fletching_table":13,"minecraft:wooden_shovel":58,"minecraft:dirt":204,"minecraft:crafting_table":5,"minecraft:white_bed":4,"minecraft:oak_fence_gate":3,"minecraft:oak_log":1,"minecraft:wooden_axe":33,"minecraft:gravel":34,"minecraft:stone_axe":373,"minecraft:furnace":2,"minecraft:bucket":1,"minecraft:yellow_bed":4,"minecraft:egg":1},"minecraft:picked_up":{"minecraft:birch_log":153,"minecraft:crafting_table":3,"minecraft:azure_bluet":16,"minecraft:yellow_wool":9,"minecraft:brown_wool":2,"minecraft:wooden_pickaxe":1,"minecraft:flint":6,"minecraft:oak_log":299,"minecraft:yellow_bed":1,"minecraft:oak_trapdoor":1,"minecraft:dirt":245,"minecraft:cornflower":1,"minecraft:string":2,"minecraft:apple":5,"minecraft:wheat_seeds":10,"minecraft:iron_ingot":3,"minecraft:stone_pickaxe":2,"minecraft:poppy":2,"minecraft:wooden_shovel":1,"minecraft:fletching_table":10,"minecraft:birch_sapling":10,"minecraft:oak_planks":15,"minecraft:egg":1,"minecraft:stick":20,"minecraft:raw_iron":11,"minecraft:oak_fence":1,"minecraft:dandelion":15,"minecraft:gravel":101,"minecraft:porkchop":10,"minecraft:white_bed":1,"minecraft:rotten_flesh":3,"minecraft:stone_axe":2,"minecraft:hay_block":28,"minecraft:emerald":1,"minecraft:oak_sapling":41,"minecraft:mutton":6,"minecraft:white_wool":11,"minecraft:cobblestone":37},"minecraft:broken":{"minecraft:stone_axe":3,"minecraft:wooden_axe":1,"minecraft:stone_shovel":1},"minecraft:mined":{"minecraft:white_bed":1,"minecraft:dandelion":1,"minecraft:oak_fence":1,"minecraft:crafting_table":3,"minecraft:cornflower":1,"minecraft:short_grass":67,"minecraft:grass_block":135,"minecraft:tall_grass":5,"minecraft:hay_block":29,"minecraft:oak_trapdoor":1,"minecraft:yellow_wool":3,"minecraft:birch_log":107,"minecraft:iron_ore":11,"minecraft:birch_leaves":1,"minecraft:fletching_table":10,"minecraft:yellow_bed":1,"minecraft:azure_bluet":5,"minecraft:potted_dandelion":1,"minecraft:oak_log":221,"minecraft:gravel":107,"minecraft:dirt":84,"minecraft:stone":36,"minecraft:white_wool":3,"minecraft:oak_leaves":33},"minecraft:dropped":{"minecraft:gravel":6,"minecraft:bread":84,"minecraft:birch_sapling":2,"minecraft:dirt":4,"minecraft:oak_sapling":12,"minecraft:bow":18,"minecraft:stone_pickaxe":1},"minecraft:killed_by":{"minecraft:creeper":1},"minecraft:custom":{"minecraft:interact_with_furnace":4,"minecraft:mob_kills":7,"minecraft:traded_with_villager":89,"minecraft:interact_with_crafting_table":22,"minecraft:bell_ring":9,"minecraft:leave_game":1,"minecraft:time_since_death":28232,"minecraft:sleep_in_bed":4,"minecraft:time_since_rest":8950,"minecraft:sprint_one_cm":93045,"minecraft:damage_taken":1347,"minecraft:walk_one_cm":430455,"minecraft:drop":108,"minecraft:damage_dealt":2382,"minecraft:swim_one_cm":898,"minecraft:talked_to_villager":53,"minecraft:fly_one_cm":43116,"minecraft:open_chest":16,"minecraft:crouch_one_cm":2838,"minecraft:play_time":83235,"minecraft:deaths":3,"minecraft:sneak_time":851,"minecraft:walk_under_water_one_cm":311,"minecraft:jump":777,"minecraft:walk_on_water_one_cm":9386,"minecraft:total_world_time":83235,"minecraft:fall_one_cm":22995},"minecraft:killed":{"minecraft:spider":2,"minecraft:iron_golem":1,"minecraft:zombie":2},"minecraft:crafted":{"minecraft:oak_planks":868,"minecraft:wooden_shovel":1,"minecraft:stone_shovel":3,"minecraft:emerald":63,"minecraft:tripwire_hook":4,"minecraft:crafting_table":2,"minecraft:furnace":2,"minecraft:fletching_table":3,"minecraft:yellow_bed":3,"minecraft:bucket":1,"minecraft:birch_planks":244,"minecraft:stone_axe":3,"minecraft:air":0,"minecraft:bread":84,"minecraft:oak_trapdoor":2,"minecraft:oak_fence_gate":3,"minecraft:bow":26,"minecraft:stick":2072,"minecraft:stone_pickaxe":3,"minecraft:wooden_axe":1,"minecraft:chest":1,"minecraft:white_bed":3,"minecraft:oak_fence":3,"minecraft:shears":1,"minecraft:wheat":252}},"DataVersion":3953}