{"stats":{"minecraft:broken":{"minecraft:stone_axe":3,"minecraft:wooden_axe":1,"minecraft:stone_shovel":2},"minecraft:mined":{"minecraft:white_bed":1,"minecraft:granite":18,"minecraft:grass_block":137,"minecraft:hay_block":29,"minecraft:oak_trapdoor":1,"minecraft:iron_ore":11,"minecraft:andesite":1,"minecraft:fletching_table":10,"minecraft:azure_bluet":7,"minecraft:potted_dandelion":1,"minecraft:stone":63,"minecraft:white_wool":3,"minecraft:dandelion":4,"minecraft:crafting_table":3,"minecraft:oak_fence":1,"minecraft:cornflower":1,"minecraft:short_grass":99,"minecraft:copper_ore":7,"minecraft:tall_grass":5,"minecraft:diorite":1,"minecraft:birch_planks":2,"minecraft:birch_log":107,"minecraft:yellow_wool":3,"minecraft:birch_leaves":1,"minecraft:yellow_bed":1,"minecraft:oak_log":221,"minecraft:dripstone_block":2,"minecraft:gravel":241,"minecraft:dirt":88,"minecraft:tripwire_hook":1,"minecraft:oak_leaves":33},"minecraft:killed_by":{"minecraft:creeper":1},"minecraft:custom":{"minecraft:mob_kills":9,"minecraft:interact_with_crafting_table":37,"minecraft:bell_ring":9,"minecraft:leave_game":2,"minecraft:time_since_death":99517,"minecraft:sprint_one_cm":155341,"minecraft:walk_one_cm":741721,"minecraft:drop":154,"minecraft:talked_to_villager":245,"minecraft:play_time":154520,"minecraft:deaths":3,"minecraft:sneak_time":1319,"minecraft:walk_under_water_one_cm":15931,"minecraft:jump":1335,"minecraft:walk_on_water_one_cm":43180,"minecraft:total_world_time":154520,"minecraft:interact_with_furnace":12,"minecraft:traded_with_villager":861,"minecraft:sleep_in_bed":10,"minecraft:time_since_rest":7793,"minecraft:damage_taken":1960,"minecraft:damage_dealt":2782,"minecraft:swim_one_cm":52140,"minecraft:fly_one_cm":73040,"minecraft:open_chest":75,"minecraft:crouch_one_cm":3447,"minecraft:fall_one_cm":39639,"minecraft:horse_one_cm":311},"minecraft:used":{"minecraft:oak_trapdoor":3,"minecraft:stone_shovel":383,"minecraft:chest":3,"minecraft:wooden_shovel":58,"minecraft:stone_hoe":16,"minecraft:torch":1,"minecraft:dirt":209,"minecraft:oak_fence_gate":3,"minecraft:wooden_axe":33,"minecraft:iron_helmet":1,"minecraft:tripwire_hook":3,"minecraft:furnace":2,"minecraft:egg":4,"minecraft:cooked_beef":10,"minecraft:wheat_seeds":14,"minecraft:water_bucket":2,"minecraft:birch_planks":3,"minecraft:stone_pickaxe":101,"minecraft:wooden_pickaxe":7,"minecraft:fletching_table":14,"minecraft:diamond_axe":6,"minecraft:crafting_table":5,"minecraft:white_bed":4,"minecraft:shears":1,"minecraft:oak_log":1,"minecraft:lever":1,"minecraft:string":5,"minecraft:gravel":38,"minecraft:stone_axe":373,"minecraft:bucket":2,"minecraft:yellow_bed":4},"minecraft:crafted":{"minecraft:oak_planks":868,"minecraft:stone_shovel":3,"minecraft:tripwire_hook":4,"minecraft:furnace":3,"minecraft:stone":1,"minecraft:yellow_bed":3,"minecraft:lever":1,"minecraft:oak_trapdoor":2,"minecraft:diamond_helmet":2,"minecraft:bow":48,"minecraft:diamond_leggings":3,"minecraft:stone_pickaxe":3,"minecraft:chest":3,"minecraft:diamond_boots":3,"minecraft:stone_hoe":1,"minecraft:oak_fence":3,"minecraft:chainmail_leggings":12,"minecraft:wheat":252,"minecraft:cooked_beef":21,"minecraft:wooden_shovel":1,"minecraft:emerald":760,"minecraft:diamond_axe":2,"minecraft:crafting_table":2,"minecraft:iron_helmet":5,"minecraft:smithing_table":1,"minecraft:chainmail_chestplate":9,"minecraft:fletching_table":4,"minecraft:bucket":1,"minecraft:birch_planks":394,"minecraft:stone_axe":3,"minecraft:bread":84,"minecraft:air":0,"minecraft:oak_fence_gate":3,"minecraft:stick":2340,"minecraft:flint":140,"minecraft:wooden_axe":1,"minecraft:white_bed":3,"minecraft:torch":20,"minecraft:shears":1,"minecraft:diamond_chestplate":3},"minecraft:dropped":{"minecraft:stone_hoe":1,"minecraft:bread":84,"minecraft:diamond_leggings":1,"minecraft:dirt":4,"minecraft:diamond_helmet":1,"minecraft:chainmail_leggings":2,"minecraft:string":258,"minecraft:dandelion":6,"minecraft:gravel":6,"minecraft:birch_sapling":2,"minecraft:stone_shovel":2,"minecraft:azure_bluet":2,"minecraft:diamond_chestplate":1,"minecraft:oak_sapling":12,"minecraft:diamond_boots":1,"minecraft:bow":45,"minecraft:stone_pickaxe":1,"minecraft:egg":6},"minecraft:picked_up":{"minecraft:crafting_table":3,"minecraft:azure_bluet":20,"minecraft:yellow_wool":9,"minecraft:wooden_pickaxe":1,"minecraft:cornflower":1,"minecraft:oak_trapdoor":1,"minecraft:string":14539,"minecraft:raw_copper":27,"minecraft:wooden_shovel":1,"minecraft:poppy":2,"minecraft:birch_sapling":10,"minecraft:egg":16,"minecraft:stick":20,"minecraft:raw_iron":11,"minecraft:oak_fence":1,"minecraft:porkchop":10,"minecraft:diorite":1,"minecraft:rotten_flesh":4,"minecraft:stone_shovel":1,"minecraft:hay_block":28,"minecraft:mutton":6,"minecraft:cobblestone":83,"minecraft:white_wool":11,"minecraft:birch_log":153,"minecraft:tripwire_hook":1,"minecraft:andesite":1,"minecraft:brown_wool":2,"minecraft:birch_planks":2,"minecraft:flint":18,"minecraft:oak_log":299,"minecraft:yellow_bed":1,"minecraft:dirt":249,"minecraft:apple":5,"minecraft:bow":5,"minecraft:wheat_seeds":14,"minecraft:stone_pickaxe":2,"minecraft:iron_ingot":3,"minecraft:fletching_table":10,"minecraft:oak_planks":15,"minecraft:dandelion":21,"minecraft:dripstone_block":2,"minecraft:gravel":220,"minecraft:white_bed":1,"minecraft:stone_axe":2,"minecraft:chainmail_leggings":1,"minecraft:granite":18,"minecraft:emerald":269,"minecraft:oak_sapling":41},"minecraft:killed":{"minecraft:spider":2,"minecraft:drowned":2,"minecraft:iron_golem":1,"minecraft:zombie":2}},"DataVersion":3953}